,Member,Next_date
0,M04158,2014-12-04
1,M08075,2014-11-17
2,M09303,2014-12-17
3,M09736,2014-12-05
4,M12050,2014-09-23
5,M12127,2014-07-09
6,M14746,2014-12-08
7,M16218,2014-12-02
8,M16611,2014-11-12
9,M18732,2014-11-07
10,M22037,2014-10-20
11,M25900,2014-10-08
12,M27458,2014-11-12
13,M27871,2014-11-15
14,M31101,2014-11-07
15,M31908,2014-11-12
16,M31966,2014-11-08
17,M32039,2014-04-28
18,M32409,2014-10-12
19,M32449,2014-10-12
20,M32480,2014-10-13
21,M32655,2014-10-05
22,M33064,2014-12-08
23,M33422,2014-11-08
24,M33491,2014-11-08
25,M33558,2014-10-01
26,M33745,2013-08-27
27,M33767,2014-10-14
28,M34566,2014-08-01
29,M35070,2014-11-10
30,M35464,2014-10-07
31,M35538,2014-11-06
32,M35649,2014-12-22
33,M36366,2014-11-18
34,M36432,2014-12-10
35,M36702,2014-09-07
36,M36876,2014-10-11
37,M37253,2014-10-16
38,M37600,2014-11-16
39,M38622,2014-12-14
40,M39021,2014-10-06
41,M40184,2014-03-04
42,M41700,2014-10-14
43,M41747,2014-12-14
44,M41781,2014-12-10
45,M42182,2014-11-14
46,M42513,2014-12-19
47,M42827,2014-12-13
48,M43189,2014-11-08
49,M43831,2014-12-16
50,M43977,2014-11-27
51,M44156,2014-10-10
52,M45375,2014-10-10
53,M45470,2014-11-13
54,M46325,2014-11-14
55,M46328,2014-12-18
56,M46575,2014-12-19
57,M46687,2014-10-21
58,M47229,2014-11-21
59,M48101,2014-10-22
60,M48154,2014-10-21
61,M48938,2014-11-19
62,M50038,2013-12-29
63,M50094,2014-06-23
64,M50420,2014-12-05
65,M50767,2014-05-30
66,M51043,2014-11-11
67,M51278,2014-11-08
68,M52629,2014-10-09
69,M54100,2014-10-06
70,M54345,2014-11-18
71,M54382,2014-11-19
72,M54619,2014-10-15
73,M54796,2014-12-08
74,M55932,2014-11-11
75,M56255,2014-10-24
76,M56309,2014-11-16
77,M56368,2014-12-16
78,M56489,2014-12-12
79,M56516,2014-10-23
80,M56897,2014-11-03
81,M57093,2014-09-25
82,M57327,2014-10-09
83,M57354,2014-10-16
84,M58761,2014-12-11
85,M58939,2014-10-18
86,M59012,2014-11-13
87,M59232,2014-07-06
88,M62656,2014-11-10
89,M62833,2014-12-19
90,M63404,2014-11-21
91,M64055,2014-08-23
92,M64379,2014-10-17
93,M76390,2014-12-20
94,M77779,2014-09-20
95,M78365,2014-12-16
96,M78720,2014-11-01
97,M82651,2014-12-11
98,M84827,2014-10-02
99,M86304,2014-11-06
100,M86572,2014-12-09
101,M90375,2014-12-13
102,M91098,2014-12-22
103,M96365,2014-12-06
104,M99030,2014-12-17
105,M99206,2014-10-20
